Section,Product,Price,Discount,Rating,Scraped Date
Accessories,Blubby Multi Clutcher ( Pack of 1 ),213,43,4.0,2026-02-15
Accessories,JAGIRA DIVINE TOUCH Multicolor Plastic Storage Racks ( Pack of 1 ),116,28,3.0,2026-02-15
Accessories,AUTOGROOMZ Windshield Only Double Clamp Car Mobile Holder - Black,217,39,3.3,2026-02-15
Accessories,QitmirMKT NEW KEYCHAIN LIGHTER WITH HIGH POWER LIGHT Multicolor Multipurpose Car Cigarette Lighter ( Pack of 1 ),238,24,2.7,2026-02-15
Accessories,CRAYLUXE Accu Pressure Bead Back / Lumbar Support Single Black,538,44,3.6,2026-02-15
Accessories,"Portronics Clamp M3 Adjustable Car Mobile Phone Holder Stand for Dashboard & Windshield, 360degree Rotational, Strong Suction Cup, Compatible with 4 to 6 inch Devices(Black)",268,31,3.5,2026-02-15
Accessories,"delhideals Indian Flag for Car Dashboard, Office Table, Study Table & Drawing Table",195,46,3.6,2026-02-15
Accessories,Vertical9 Car Mobile Charger 3_in_1 cable Multicolour,240,44,4.4,2026-02-15
Accessories,Car Ashtrays Multi Color,176,43,3.6,2026-02-15
Accessories,"5 In 1 Multi Pin Universal Portable Adapter And Car Mobile Charging Cable For (iPhone,Type C and Micro USB)",254,36,3.8,2026-02-15
Accessories,Tender care Memory Foam Back / Lumbar Support Single Black,350,38,2.8,2026-02-15
Accessories,"GEEO Universal Car Steering Knob, Car Steering Wheel Knob, Steering Wheel Spinner Knob, 360° Rotation Booster (3R Original)",331,32,2.6,2026-02-15
Accessories,GEEO Accu Pressure Bead Back / Lumbar Support Single Black,223,50,3.3,2026-02-15
Accessories,"Aksmit Waterproof and Non-slip Leather Floor Mats, Car Floor Mat Accessories, Black gold",1472,25,4.1,2026-02-15
Accessories,Anshri White Plastic Storage Racks ( Pack of 4 ),250,22,3.1,2026-02-15
Accessories,RONISH Neck Cushions Set of 2 Black,160,25,3.4,2026-02-15
Accessories,Digital Car Dashboard Alarm Clock and Stopwatch With Flexible Stand,180,22,4.4,2026-02-15
Accessories,"Aksmit Pack of -1 Car Gear Knob Protector Gear Shifter Cover for Anti-Scratch Car Gear Knob Cover and Dust Proof Nonslip Gear Cover for Car Universal Fit Silicon Car Gear Knob Stylish- Black, Silicone Rubber",187,38,4.1,2026-02-15
Accessories,Aksmit 4 Pieces 12 LED DC 12V Multicolour Music Car Strip Atmosphere Lamp Light for Car Interior Under Dash Lighting Kit with Sound Active Function and Wireless Control,338,30,4.4,2026-02-15
Accessories,"TANTRA Car Armrest Cover Cushion with 2 Storage Bags - Soft, Comfortable, Non-Slip Protector for Vehicle Center Console - Waterproof, Durable, and Stylish",365,53,2.5,2026-02-15
Footwear,Cozy Wear Black Men's Daily Slipper,183,31,3.3,2026-02-15
Footwear,Xtoon Grey Men's Outdoor Shoes,498,38,3.1,2026-02-15
Footwear,AROTEK Grey Men's Daily Slipper,191,52,3.0,2026-02-15
Footwear,PENNEN Green Women's Flats,270,44,3.9,2026-02-15
Footwear,IndiForce Maroon Women's Sandal Heels,315,36,3.5,2026-02-15
Footwear,Cozy Wear Olive Men's Daily Slipper,193,27,3.6,2026-02-15
Footwear,YOU LIkE Brown Men's Derby Formal Shoes,693,30,3.7,2026-02-15
Footwear,FUSEOWL Maroon Women's Flip Flop,171,26,4.1,2026-02-15
Footwear,BEE U NIK Black Men's Thong Flip Flop,176,42,3.6,2026-02-15
Footwear,YNP Design Collections Brown Women's Ethnic Ballerinas,411,25,2.8,2026-02-15
Footwear,Campus Oxyfit (N) Navy Blue Men's Slip-on Shoes,622,29,3.0,2026-02-15
Footwear,Cozy Wear Brown Men's Daily Slipper,193,32,4.2,2026-02-15
Footwear,hanuco Height Increasing Insoles,301,30,3.6,2026-02-15
Footwear,Skindora Cream Polish Suitable for MultiColor Color,189,34,4.2,2026-02-15
Footwear,PERY PAO Blue Men's Slide Flip Flop,226,21,4.3,2026-02-15
Footwear,hanuco Orthopaedic Insoles,252,52,3.5,2026-02-15
Footwear,Citipiti ind. Green Women's Flats,208,40,2.7,2026-02-15
Footwear,Squash Black Men's Thong Flip Flop,230,50,2.7,2026-02-15
Footwear,Z Brown Men's Slide Flip Flop,279,21,4.1,2026-02-15
Footwear,BHAVYTA COSMETIC Cream Polish Suitable for White Color,160,38,2.9,2026-02-15
Kids Fashion,Cool and NIce kids Multi color Bermuda pack of 5,341,35,3.9,2026-02-15
Kids Fashion,"A.W.A KIDS FASHION Cotton Frock For Girls ( Pack of 1 , Blue )",382,25,2.9,2026-02-15
Kids Fashion,"A.W.A KIDS FASHION Cotton Blend Frock For Girls ( Pack of 1 , Pink )",382,37,3.9,2026-02-15
Kids Fashion,"A.W.A KIDS FASHION Cotton Blend Frock For Girls ( Pack of 1 , Light Blue )",382,41,3.6,2026-02-15
Kids Fashion,"Villata fashion Net Frock For Girls ( Pack of 1 , White )",275,34,3.7,2026-02-15
Kids Fashion,"Arshia Fashions Girls Cotton Blend Kurti with Sharara ( Pack of 1 , Pink )",561,27,2.6,2026-02-15
Kids Fashion,"Arshia Fashions Cotton Blend Shirt Dress For Girls ( Pack of 1 , Blue )",501,29,2.6,2026-02-15
Kids Fashion,"Nios Fashion Girls Cotton Polyester Jeans ( Pack of 2 , Multicolor 4 )",355,52,3.2,2026-02-15
Kids Fashion,"PMD Fashion Net Lehenga Choli Set For Girls ( Pack of 1 , Charcoal )",355,27,3.2,2026-02-15
Kids Fashion,NI FASHION Pack of 1 Boys Cotton Blend T-Shirt ( Green ),171,34,3.3,2026-02-15
Kids Fashion,"Villata fashion Net Frock For Girls ( Pack of 1 , Red )",331,31,4.2,2026-02-15
Kids Fashion,"Arshia Fashions Net Lehenga Choli Sets For Girls ( , Blue )",381,42,4.2,2026-02-15
Kids Fashion,NI FASHION Pack of 1 Boys Cotton Blend T-Shirt ( Black ),171,49,3.7,2026-02-15
Kids Fashion,Maimuna fashion Pack of 1 Baby Girls Cotton Blend Shirt & Pant ( Multicolor 1 ),319,41,3.6,2026-02-15
Kids Fashion,"Arshia Fashions Polyester Shirt Dress For Girls ( Pack of 1 , Multicolor )",561,38,3.0,2026-02-15
Kids Fashion,"Villata fashion Net Frock For Girls ( Pack of 1 , Red )",290,41,2.9,2026-02-15
Kids Fashion,KASEERA CUTE STYLISH AND TRENDING KIDS GYM VEST PACK OF 5,273,43,3.3,2026-02-15
Kids Fashion,"Arshia Fashions Polyester Blend Frock For Girls ( Pack of 1 , Red )",321,43,3.5,2026-02-15
Kids Fashion,"Villata fashion Net Frock For Girls ( Pack of 1 , Red )",281,21,4.5,2026-02-15
Kids Fashion,"Villata fashion Net Frock For Girls ( Pack of 1 , Pink )",281,41,3.9,2026-02-15
Men Clothing,TAZO Nylon Men's Windcheater Jacket - Blue ( Pack of 1 ),462,27,4.3,2026-02-15
Men Clothing,Montrez Cotton Blend Men's Casual Jacket - Olive ( Pack of 1 ),557,33,2.8,2026-02-15
Men Clothing,Reya Cotton Blend Men's Casual Jacket - Maroon ( Pack of 1 ),429,43,2.7,2026-02-15
Men Clothing,Christy World Polyester Men's Casual Jacket - Black ( Pack of 1 ),570,48,2.8,2026-02-15
Men Clothing,AZF Nylon Men's Windcheater Jacket - Navy ( Pack of 1 ),457,37,3.8,2026-02-15
Men Clothing,TrendsTalk Nylon Men's Windcheater Jacket - Gold ( Pack of 1 ),429,28,2.8,2026-02-15
Men Clothing,yellow tree Polyester Men's Casual Jacket - White ( Pack of 1 ),704,44,3.8,2026-02-15
Men Clothing,Rigo Polyester Men's Puffer Jacket - Grey ( Pack of 1 ),691,46,2.9,2026-02-15
Men Clothing,eddicted Polyester Men's Puffer Jacket - Navy Blue ( Pack of 1 ),617,26,4.0,2026-02-15
Men Clothing,TrendsTalk Nylon Men's Windcheater Jacket - Blue ( Pack of 1 ),576,42,2.9,2026-02-15
Men Clothing,Mashaykh Polyester Men's Windcheater Jacket - White ( Pack of 1 ),682,40,3.0,2026-02-15
Men Clothing,AZF Nylon Men's Casual Jacket - Wine ( Pack of 1 ),457,42,2.6,2026-02-15
Men Clothing,eddicted Polyester Men's Puffer Jacket - Blue ( Pack of 1 ),582,53,4.3,2026-02-15
Men Clothing,Forbro Nylon Men's Windcheater Jacket - Black ( Pack of 1 ),598,34,2.8,2026-02-15
Men Clothing,Montrez Cotton Blend Men's Casual Jacket - White ( Pack of 1 ),557,35,4.0,2026-02-15
Men Clothing,Rino Fleece Men's Casual Jacket - Green ( Pack of 1 ),607,43,3.4,2026-02-15
Men Clothing,yellow tree Polyester Men's Casual Jacket - Multicolor ( Pack of 1 ),722,42,4.2,2026-02-15
Men Clothing,AZF Nylon Men's Windcheater Jacket - Dark Grey ( Pack of 1 ),457,41,3.6,2026-02-15
Men Clothing,Eyebogler Polyester Men's Windcheater Jacket - Grey ( Pack of 1 ),344,34,4.2,2026-02-15
Men Clothing,eddicted Polyester Men's Quilted & Bomber Jacket - Maroon ( Pack of 1 ),617,38,2.6,2026-02-15
Women Clothing,Sheetal associates Women Polyester Printed Fit & Flare Dress ( Blue ),394,36,2.8,2026-02-15
Women Clothing,wanquila Women Lycra Solid Bodycon Dress ( Beige ),363,33,3.7,2026-02-15
Women Clothing,"KNOWZY Rayon Women Dupatta ( Magenta , Pack of 1 )",108,31,4.3,2026-02-15
Women Clothing,TUHIRAJ Women Crepe Printed Gown ( Brown ),470,30,3.0,2026-02-15
Women Clothing,Sheetal associates Women Crepe Printed Fit & Flare Dress ( White ),394,54,4.1,2026-02-15
Women Clothing,Fabverse Women Lycra Solid Bodycon Dress ( Black ),319,50,4.4,2026-02-15
Women Clothing,Fasanger Cotton Lycra Women's Shrugs - White ( ),244,23,3.3,2026-02-15
Women Clothing,Sheetal associates Women Polyester Printed Fit & Flare Dress ( Brown ),394,41,3.8,2026-02-15
Women Clothing,THE LADIES FASHION Women Viscose Rayon Maxi ( White ),391,21,4.5,2026-02-15
Women Clothing,Sheetal associates Women Crepe Printed A-line Dress ( White ),394,52,2.6,2026-02-15
Women Clothing,Honky Tonky Women Polyester Self Design A-line Dress ( Pink ),382,27,4.3,2026-02-15
Women Clothing,NIVESTANA Women Viscose Rayon Gown ( Purple ),393,22,3.8,2026-02-15
Women Clothing,Sheetal associates Women Crepe Printed A-line Dress ( Orange ),339,32,3.5,2026-02-15
Women Clothing,Vkaran Lycra Cut Outs Saree With Unstitched Blouse Piece ( Black ),299,27,4.2,2026-02-15
Women Clothing,Madhusudan Women Rayon Printed Ethnic Dress ( Pink ),452,33,2.6,2026-02-15
Women Clothing,Sheetal associates Women Crepe Printed Shirt Dress ( White ),394,23,3.7,2026-02-15
Women Clothing,Sheetal associates Women Crepe Printed Shirt Dress ( Green ),394,36,2.8,2026-02-15
Women Clothing,JASH CREATION Women Cotton Blend Printed Fit & Flare Dress ( Pink ),356,49,3.0,2026-02-15
Women Clothing,"TAMINA Black,White Cotton Blend Women's Flared Skirt ( Pack of 1 )",332,45,3.1,2026-02-15
Women Clothing,"BLYNK Lycra Petticoat ( Maroon , )",171,53,3.5,2026-02-15
