Scraping Date,Section,Product,Discount
2026-02-14,Accessories,Blubby Multi Clutcher ( Pack of 1 ),26
2026-02-13,Accessories,JAGIRA DIVINE TOUCH Multicolor Plastic Storage Racks ( Pack of 1 ),43
2026-02-15,Accessories,AUTOGROOMZ Windshield Only Double Clamp Car Mobile Holder - Black,60
2026-02-11,Accessories,QitmirMKT NEW KEYCHAIN LIGHTER WITH HIGH POWER LIGHT Multicolor Multipurpose Car Cigarette Lighter ( Pack of 1 ),20
2026-02-10,Accessories,CRAYLUXE Accu Pressure Bead Back / Lumbar Support Single Black,47
2026-02-11,Accessories,"Portronics Clamp M3 Adjustable Car Mobile Phone Holder Stand for Dashboard & Windshield, 360degree Rotational, Strong Suction Cup, Compatible with 4 to 6 inch Devices(Black)",50
2026-02-14,Accessories,"delhideals Indian Flag for Car Dashboard, Office Table, Study Table & Drawing Table",29
2026-02-14,Accessories,Vertical9 Car Mobile Charger 3_in_1 cable Multicolour,54
2026-02-11,Accessories,Car Ashtrays Multi Color,55
2026-02-10,Accessories,"5 In 1 Multi Pin Universal Portable Adapter And Car Mobile Charging Cable For (iPhone,Type C and Micro USB)",16
2026-02-14,Accessories,Tender care Memory Foam Back / Lumbar Support Single Black,19
2026-02-12,Accessories,"GEEO Universal Car Steering Knob, Car Steering Wheel Knob, Steering Wheel Spinner Knob, 360° Rotation Booster (3R Original)",30
2026-02-12,Accessories,GEEO Accu Pressure Bead Back / Lumbar Support Single Black,27
2026-02-10,Accessories,"Aksmit Waterproof and Non-slip Leather Floor Mats, Car Floor Mat Accessories, Black gold",58
2026-02-12,Accessories,Anshri White Plastic Storage Racks ( Pack of 4 ),55
2026-02-15,Accessories,RONISH Neck Cushions Set of 2 Black,30
2026-02-13,Accessories,Digital Car Dashboard Alarm Clock and Stopwatch With Flexible Stand,60
2026-02-13,Accessories,"Aksmit Pack of -1 Car Gear Knob Protector Gear Shifter Cover for Anti-Scratch Car Gear Knob Cover and Dust Proof Nonslip Gear Cover for Car Universal Fit Silicon Car Gear Knob Stylish- Black, Silicone Rubber",23
2026-02-10,Accessories,Aksmit 4 Pieces 12 LED DC 12V Multicolour Music Car Strip Atmosphere Lamp Light for Car Interior Under Dash Lighting Kit with Sound Active Function and Wireless Control,52
2026-02-15,Accessories,"TANTRA Car Armrest Cover Cushion with 2 Storage Bags - Soft, Comfortable, Non-Slip Protector for Vehicle Center Console - Waterproof, Durable, and Stylish",38
2026-02-11,Footwear,Cozy Wear Black Men's Daily Slipper,23
2026-02-11,Footwear,Xtoon Grey Men's Outdoor Shoes,55
2026-02-10,Footwear,AROTEK Grey Men's Daily Slipper,40
2026-02-13,Footwear,PENNEN Green Women's Flats,46
2026-02-12,Footwear,IndiForce Maroon Women's Sandal Heels,18
2026-02-12,Footwear,Cozy Wear Olive Men's Daily Slipper,46
2026-02-12,Footwear,YOU LIkE Brown Men's Derby Formal Shoes,49
2026-02-12,Footwear,FUSEOWL Maroon Women's Flip Flop,33
2026-02-13,Footwear,BEE U NIK Black Men's Thong Flip Flop,52
2026-02-14,Footwear,YNP Design Collections Brown Women's Ethnic Ballerinas,51
2026-02-14,Footwear,Campus Oxyfit (N) Navy Blue Men's Slip-on Shoes,35
2026-02-11,Footwear,Cozy Wear Brown Men's Daily Slipper,34
2026-02-13,Footwear,hanuco Height Increasing Insoles,43
2026-02-13,Footwear,Skindora Cream Polish Suitable for MultiColor Color,56
2026-02-12,Footwear,PERY PAO Blue Men's Slide Flip Flop,27
2026-02-15,Footwear,hanuco Orthopaedic Insoles,45
2026-02-15,Footwear,Citipiti ind. Green Women's Flats,19
2026-02-13,Footwear,Squash Black Men's Thong Flip Flop,32
2026-02-10,Footwear,Z Brown Men's Slide Flip Flop,20
2026-02-12,Footwear,BHAVYTA COSMETIC Cream Polish Suitable for White Color,19
2026-02-12,Kids Fashion,Cool and NIce kids Multi color Bermuda pack of 5,21
2026-02-13,Kids Fashion,"A.W.A KIDS FASHION Cotton Frock For Girls ( Pack of 1 , Blue )",39
2026-02-14,Kids Fashion,"A.W.A KIDS FASHION Cotton Blend Frock For Girls ( Pack of 1 , Pink )",58
2026-02-13,Kids Fashion,"A.W.A KIDS FASHION Cotton Blend Frock For Girls ( Pack of 1 , Light Blue )",19
2026-02-11,Kids Fashion,"Villata fashion Net Frock For Girls ( Pack of 1 , White )",26
2026-02-12,Kids Fashion,"Arshia Fashions Girls Cotton Blend Kurti with Sharara ( Pack of 1 , Pink )",50
2026-02-12,Kids Fashion,"Arshia Fashions Cotton Blend Shirt Dress For Girls ( Pack of 1 , Blue )",33
2026-02-10,Kids Fashion,"Nios Fashion Girls Cotton Polyester Jeans ( Pack of 2 , Multicolor 4 )",60
2026-02-11,Kids Fashion,"PMD Fashion Net Lehenga Choli Set For Girls ( Pack of 1 , Charcoal )",16
2026-02-12,Kids Fashion,NI FASHION Pack of 1 Boys Cotton Blend T-Shirt ( Green ),16
2026-02-13,Kids Fashion,"Villata fashion Net Frock For Girls ( Pack of 1 , Red )",23
2026-02-15,Kids Fashion,"Arshia Fashions Net Lehenga Choli Sets For Girls ( , Blue )",44
2026-02-13,Kids Fashion,NI FASHION Pack of 1 Boys Cotton Blend T-Shirt ( Black ),59
2026-02-12,Kids Fashion,Maimuna fashion Pack of 1 Baby Girls Cotton Blend Shirt & Pant ( Multicolor 1 ),30
2026-02-12,Kids Fashion,"Arshia Fashions Polyester Shirt Dress For Girls ( Pack of 1 , Multicolor )",32
2026-02-15,Kids Fashion,"Villata fashion Net Frock For Girls ( Pack of 1 , Red )",17
2026-02-14,Kids Fashion,KASEERA CUTE STYLISH AND TRENDING KIDS GYM VEST PACK OF 5,48
2026-02-14,Kids Fashion,"Arshia Fashions Polyester Blend Frock For Girls ( Pack of 1 , Red )",35
2026-02-14,Kids Fashion,"Villata fashion Net Frock For Girls ( Pack of 1 , Red )",52
2026-02-10,Kids Fashion,"Villata fashion Net Frock For Girls ( Pack of 1 , Pink )",27
2026-02-15,Men Clothing,TAZO Nylon Men's Windcheater Jacket - Blue ( Pack of 1 ),52
2026-02-12,Men Clothing,Montrez Cotton Blend Men's Casual Jacket - Olive ( Pack of 1 ),50
2026-02-11,Men Clothing,Reya Cotton Blend Men's Casual Jacket - Maroon ( Pack of 1 ),29
2026-02-13,Men Clothing,Christy World Polyester Men's Casual Jacket - Black ( Pack of 1 ),35
2026-02-14,Men Clothing,AZF Nylon Men's Windcheater Jacket - Navy ( Pack of 1 ),53
2026-02-13,Men Clothing,TrendsTalk Nylon Men's Windcheater Jacket - Gold ( Pack of 1 ),31
2026-02-13,Men Clothing,yellow tree Polyester Men's Casual Jacket - White ( Pack of 1 ),44
2026-02-12,Men Clothing,Rigo Polyester Men's Puffer Jacket - Grey ( Pack of 1 ),28
2026-02-15,Men Clothing,eddicted Polyester Men's Puffer Jacket - Navy Blue ( Pack of 1 ),25
2026-02-10,Men Clothing,TrendsTalk Nylon Men's Windcheater Jacket - Blue ( Pack of 1 ),32
2026-02-14,Men Clothing,Mashaykh Polyester Men's Windcheater Jacket - White ( Pack of 1 ),23
2026-02-11,Men Clothing,AZF Nylon Men's Casual Jacket - Wine ( Pack of 1 ),60
2026-02-11,Men Clothing,eddicted Polyester Men's Puffer Jacket - Blue ( Pack of 1 ),51
2026-02-10,Men Clothing,Forbro Nylon Men's Windcheater Jacket - Black ( Pack of 1 ),30
2026-02-15,Men Clothing,Montrez Cotton Blend Men's Casual Jacket - White ( Pack of 1 ),28
2026-02-15,Men Clothing,Rino Fleece Men's Casual Jacket - Green ( Pack of 1 ),19
2026-02-10,Men Clothing,yellow tree Polyester Men's Casual Jacket - Multicolor ( Pack of 1 ),22
2026-02-10,Men Clothing,AZF Nylon Men's Windcheater Jacket - Dark Grey ( Pack of 1 ),41
2026-02-15,Men Clothing,Eyebogler Polyester Men's Windcheater Jacket - Grey ( Pack of 1 ),56
2026-02-13,Men Clothing,eddicted Polyester Men's Quilted & Bomber Jacket - Maroon ( Pack of 1 ),21
2026-02-15,Women Clothing,Sheetal associates Women Polyester Printed Fit & Flare Dress ( Blue ),37
2026-02-12,Women Clothing,wanquila Women Lycra Solid Bodycon Dress ( Beige ),46
2026-02-10,Women Clothing,"KNOWZY Rayon Women Dupatta ( Magenta , Pack of 1 )",39
2026-02-11,Women Clothing,TUHIRAJ Women Crepe Printed Gown ( Brown ),18
2026-02-10,Women Clothing,Sheetal associates Women Crepe Printed Fit & Flare Dress ( White ),51
2026-02-14,Women Clothing,Fabverse Women Lycra Solid Bodycon Dress ( Black ),30
2026-02-12,Women Clothing,Fasanger Cotton Lycra Women's Shrugs - White ( ),55
2026-02-14,Women Clothing,Sheetal associates Women Polyester Printed Fit & Flare Dress ( Brown ),55
2026-02-13,Women Clothing,THE LADIES FASHION Women Viscose Rayon Maxi ( White ),17
2026-02-10,Women Clothing,Sheetal associates Women Crepe Printed A-line Dress ( White ),15
2026-02-13,Women Clothing,Honky Tonky Women Polyester Self Design A-line Dress ( Pink ),24
2026-02-10,Women Clothing,NIVESTANA Women Viscose Rayon Gown ( Purple ),42
2026-02-13,Women Clothing,Sheetal associates Women Crepe Printed A-line Dress ( Orange ),21
2026-02-14,Women Clothing,Vkaran Lycra Cut Outs Saree With Unstitched Blouse Piece ( Black ),43
2026-02-11,Women Clothing,Madhusudan Women Rayon Printed Ethnic Dress ( Pink ),40
2026-02-12,Women Clothing,Sheetal associates Women Crepe Printed Shirt Dress ( White ),47
2026-02-13,Women Clothing,Sheetal associates Women Crepe Printed Shirt Dress ( Green ),44
2026-02-10,Women Clothing,JASH CREATION Women Cotton Blend Printed Fit & Flare Dress ( Pink ),17
2026-02-12,Women Clothing,"TAMINA Black,White Cotton Blend Women's Flared Skirt ( Pack of 1 )",58
2026-02-12,Women Clothing,"BLYNK Lycra Petticoat ( Maroon , )",49
